{
  "Link Color" : {
    "Red Component" : 0.45098039507865906,
    "Color Space" : "sRGB",
    "Blue Component" : 0.7921568751335144,
    "Alpha Component" : 1,
    "Green Component" : 0.85490196943283081
  },
  "Tags" : [

  ],
  "Ansi 12 Color" : {
    "Red Component" : 0.47843137383460999,
    "Color Space" : "sRGB",
    "Blue Component" : 0.9686274528503418,
    "Alpha Component" : 1,
    "Green Component" : 0.63529413938522339
  },
  "Ansi 7 Color" : {
    "Red Component" : 0.66274511814117432,
    "Color Space" : "sRGB",
    "Blue Component" : 0.83921569585800171,
    "Alpha Component" : 1,
    "Green Component" : 0.69411766529083252
  },
  "Draw Powerline Glyphs" : true,
  "Bold Color" : {
    "Red Component" : 0.93333333730697632,
    "Color Space" : "sRGB",
    "Blue Component" : 0.93333333730697632,
    "Alpha Component" : 1,
    "Green Component" : 0.93333333730697632
  },
  "Ansi 8 Color" : {
    "Red Component" : 0.25490197539329529,
    "Color Space" : "sRGB",
    "Blue Component" : 0.40784314274787903,
    "Alpha Component" : 1,
    "Green Component" : 0.28235295414924622
  },
  "Ansi 9 Color" : {
    "Red Component" : 0.9686274528503418,
    "Color Space" : "sRGB",
    "Blue Component" : 0.55686277151107788,
    "Alpha Component" : 1,
    "Green Component" : 0.46274510025978088
  },
  "Horizontal Spacing" : 1,
  "Rows" : 25,
  "Default Bookmark" : "No",
  "Right Option Key Sends" : 0,
  "Cursor Guide Color" : {
    "Red Component" : 0.70213186740875244,
    "Color Space" : "sRGB",
    "Blue Component" : 1,
    "Alpha Component" : 0.25,
    "Green Component" : 0.9268307089805603
  },
  "Non-ASCII Anti Aliased" : true,
  "Use Bright Bold" : true,
  "Ansi 10 Color" : {
    "Red Component" : 0.61960786581039429,
    "Color Space" : "sRGB",
    "Blue Component" : 0.41568627953529358,
    "Alpha Component" : 1,
    "Green Component" : 0.80784314870834351
  },
  "Ambiguous Double Width" : false,
  "Jobs to Ignore" : [
    "rlogin",
    "ssh",
    "slogin",
    "telnet"
  ],
  "Ansi 15 Color" : {
    "Red Component" : 0.75294119119644165,
    "Color Space" : "sRGB",
    "Blue Component" : 0.96078431606292725,
    "Alpha Component" : 1,
    "Green Component" : 0.7921568751335144
  },
  "Foreground Color" : {
    "Red Component" : 0.75294119119644165,
    "Color Space" : "sRGB",
    "Blue Component" : 0.96078431606292725,
    "Alpha Component" : 1,
    "Green Component" : 0.7921568751335144
  },
  "Working Directory" : "\/Users\/josephveneziano",
  "Blinking Cursor" : false,
  "Disable Window Resizing" : true,
  "Sync Title" : false,
  "Prompt Before Closing 2" : false,
  "BM Growl" : true,
  "Mouse Reporting" : true,
  "Command" : "",
  "Description" : "Default",
  "Screen" : -1,
  "Selection Color" : {
    "Red Component" : 0.21176470816135406,
    "Color Space" : "sRGB",
    "Blue Component" : 0.50980395078659058,
    "Alpha Component" : 1,
    "Green Component" : 0.29019609093666077
  },
  "Only The Default BG Color Uses Transparency" : true,
  "Columns" : 80,
  "Idle Code" : 0,
  "Ansi 13 Color" : {
    "Red Component" : 0.73333334922790527,
    "Color Space" : "sRGB",
    "Blue Component" : 0.9686274528503418,
    "Alpha Component" : 1,
    "Green Component" : 0.60392159223556519
  },
  "Custom Command" : "No",
  "ASCII Anti Aliased" : true,
  "Non Ascii Font" : "Monaco 12",
  "Vertical Spacing" : 1,
  "Use Bold Font" : true,
  "Option Key Sends" : 0,
  "Selected Text Color" : {
    "Red Component" : 0.75294119119644165,
    "Color Space" : "sRGB",
    "Blue Component" : 0.96078431606292725,
    "Alpha Component" : 1,
    "Green Component" : 0.7921568751335144
  },
  "Background Color" : {
    "Red Component" : 0.14117647707462311,
    "Color Space" : "sRGB",
    "Blue Component" : 0.23137255012989044,
    "Alpha Component" : 1,
    "Green Component" : 0.15686275064945221
  },
  "Character Encoding" : 4,
  "Ansi 11 Color" : {
    "Red Component" : 0.87843137979507446,
    "Color Space" : "sRGB",
    "Blue Component" : 0.40784314274787903,
    "Alpha Component" : 1,
    "Green Component" : 0.68627452850341797
  },
  "Use Italic Font" : true,
  "Unlimited Scrollback" : false,
  "Keyboard Map" : {
    "0x33-0x200000-0x0" : {
      "Action" : 12,
      "Text" : "3"
    },
    "0x2f-0x200000-0x0" : {
      "Action" : 12,
      "Text" : "\/"
    },
    "0x3-0x200000-0x0" : {
      "Action" : 11,
      "Text" : "0xd"
    },
    "0x38-0x200000-0x0" : {
      "Action" : 12,
      "Text" : "8"
    },
    "0xf728-0x80000-0x0" : {
      "Action" : 10,
      "Text" : "d"
    },
    "0xf70e-0x20000-0x0" : {
      "Action" : 10,
      "Text" : "[23;2~"
    },
    "0xf701-0x220000-0x0" : {
      "Action" : 10,
      "Text" : "[1;2B"
    },
    "0x32-0x40000-0x0" : {
      "Action" : 11,
      "Text" : "0x00"
    },
    "0xf700-0x240000-0x0" : {
      "Action" : 10,
      "Text" : "[1;5A"
    },
    "0xf703-0x220000-0x0" : {
      "Action" : 10,
      "Text" : "[1;2C"
    },
    "0xf70b-0x20000-0x0" : {
      "Action" : 10,
      "Text" : "[19;2~"
    },
    "0xf702-0x240000-0x0" : {
      "Action" : 10,
      "Text" : "[1;5D"
    },
    "0xf701-0x260000-0x0" : {
      "Action" : 10,
      "Text" : "[1;6B"
    },
    "0xf72b-0x40000-0x0" : {
      "Action" : 10,
      "Text" : "[1;5F"
    },
    "0xf703-0x260000-0x0" : {
      "Action" : 10,
      "Text" : "[1;6C"
    },
    "0x31-0x200000-0x0" : {
      "Action" : 12,
      "Text" : "1"
    },
    "0xf702-0x280000-0x0" : {
      "Action" : 10,
      "Text" : "b"
    },
    "0x2d-0x200000-0x0" : {
      "Action" : 12,
      "Text" : "-"
    },
    "0xf709-0x20000-0x0" : {
      "Action" : 10,
      "Text" : "[17;2~"
    },
    "0x36-0x200000-0x0" : {
      "Action" : 12,
      "Text" : "6"
    },
    "0xf706-0x20000-0x0" : {
      "Action" : 10,
      "Text" : "[1;2R"
    },
    "0x36-0x40000-0x0" : {
      "Action" : 11,
      "Text" : "0x1e"
    },
    "0xf729-0x40000-0x0" : {
      "Action" : 10,
      "Text" : "[1;5H"
    },
    "0x2d-0x40000-0x0" : {
      "Action" : 11,
      "Text" : "0x1f"
    },
    "0xf702-0x300000-0x0" : {
      "Action" : 11,
      "Text" : "0x1"
    },
    "0x7f-0x80000-0x0" : {
      "Action" : 11,
      "Text" : "0x1b 0x7f"
    },
    "0x33-0x40000-0x0" : {
      "Action" : 11,
      "Text" : "0x1b"
    },
    "0x2b-0x200000-0x0" : {
      "Action" : 12,
      "Text" : "+"
    },
    "0x34-0x200000-0x0" : {
      "Action" : 12,
      "Text" : "4"
    },
    "0xf70d-0x20000-0x0" : {
      "Action" : 10,
      "Text" : "[21;2~"
    },
    "0xf72b-0x20000-0x0" : {
      "Action" : 10,
      "Text" : "[1;2F"
    },
    "0x39-0x200000-0x0" : {
      "Action" : 12,
      "Text" : "9"
    },
    "0xf70a-0x20000-0x0" : {
      "Action" : 10,
      "Text" : "[18;2~"
    },
    "0x37-0x40000-0x0" : {
      "Action" : 11,
      "Text" : "0x1f"
    },
    "0xf708-0x20000-0x0" : {
      "Action" : 10,
      "Text" : "[15;2~"
    },
    "0xf729-0x20000-0x0" : {
      "Action" : 10,
      "Text" : "[1;2H"
    },
    "0xf700-0x220000-0x0" : {
      "Action" : 10,
      "Text" : "[1;2A"
    },
    "0xf705-0x20000-0x0" : {
      "Action" : 10,
      "Text" : "[1;2Q"
    },
    "0xf702-0x220000-0x0" : {
      "Action" : 10,
      "Text" : "[1;2D"
    },
    "0x2e-0x200000-0x0" : {
      "Action" : 12,
      "Text" : "."
    },
    "0x32-0x200000-0x0" : {
      "Action" : 12,
      "Text" : "2"
    },
    "0xf701-0x240000-0x0" : {
      "Action" : 10,
      "Text" : "[1;5B"
    },
    "0xf700-0x260000-0x0" : {
      "Action" : 10,
      "Text" : "[1;6A"
    },
    "0x37-0x200000-0x0" : {
      "Action" : 12,
      "Text" : "7"
    },
    "0xf703-0x240000-0x0" : {
      "Action" : 10,
      "Text" : "[1;5C"
    },
    "0x34-0x40000-0x0" : {
      "Action" : 11,
      "Text" : "0x1c"
    },
    "0xf702-0x260000-0x0" : {
      "Action" : 10,
      "Text" : "[1;6D"
    },
    "0xf703-0x280000-0x0" : {
      "Action" : 10,
      "Text" : "f"
    },